OBJECT_NAME,NORAD_CAT_ID,OBJECT_TYPE,EPOCH,MEAN_MOTION,ECCENTRICITY,INCLINATION,RA_OF_ASC_NODE,ARG_OF_PERICENTER,MEAN_ANOMALY,TLE_LINE1,TLE_LINE2
COSMOS 2251,22675,PAYLOAD,2009-01-29 12:34:02.025120+00:00,14.31135663,0.0016299,74.0352,39.4542,122.223,238.0503,1 22675U 93036A   09029.52363455  .00000031  00000-0  21643-4 0  9990,2 22675 074.0352 039.4542 0016299 122.2230 238.0503 14.31135663815841
COSMOS 2251,22675,PAYLOAD,2009-01-30 10:22:36.649631+00:00,14.31135626,0.0016293,74.0354,37.7994,120.2768,239.9996,1 22675U 93036A   09030.43236863 +.00000017 +00000-0 +16116-4 0  9997,2 22675 074.0354 037.7994 0016293 120.2768 239.9996 14.31135626815972
COSMOS 2251,22675,PAYLOAD,2009-01-30 23:47:53.332799+00:00,14.31135761,0.0016276,74.0354,36.7807,119.1712,241.1085,1 22675U 93036A   09030.99158950  .00000021  00000-0  17907-4 0  9992,2 22675 074.0354 036.7807 0016276 119.1712 241.1085 14.31135761816055
IRIDIUM 33,24946,PAYLOAD,2009-01-31 08:46:40.040543+00:00,14.34217587,0.0002215,86.4005,125.6347,82.3699,277.7748,1 24946U 97051C   09031.36574121  .00000219  00000-0  70983-4 0  9992,2 24946 086.4005 125.6347 0002215 082.3699 277.7748 14.34217587595985
COSMOS 2251,22675,PAYLOAD,2009-01-31 11:32:30.430464+00:00,14.3113543,0.0016204,74.0349,35.8887,117.9997,242.2782,1 22675U 93036A   09031.48090776 -.00000009 +00000-0 +64214-5 0  9999,2 22675 074.0349 035.8887 0016204 117.9997 242.2782 14.31135430816126
IRIDIUM 33,24946,PAYLOAD,2009-01-31 18:49:28.019712+00:00,14.34217722,0.0002197,86.3991,125.4601,85.4735,274.6709,1 24946U 97051C   09031.78435208 +.00000181 +00000-0 +57613-4 0  9993,2 24946 086.3991 125.4601 0002197 085.4735 274.6709 14.34217722596045
COSMOS 2251,22675,PAYLOAD,2009-02-01 07:40:25.472927+00:00,14.31135392,0.0016243,74.0352,34.3612,116.465,243.8159,1 22675U 93036A   09032.31973927 -.00000014  00000-0  46556-5 0  9995,2 22675 074.0352 034.3612 0016243 116.4650 243.8159 14.31135392816248
IRIDIUM 33,24946,PAYLOAD,2009-02-01 14:55:04.019519+00:00,14.34217806,0.0002196,86.3989,125.1104,85.2479,274.8967,1 24946U 97051C   09032.62157430  .00000148  00000-0  45622-4 0  9995,2 24946 086.3989 125.1104 0002196 085.2479 274.8967 14.34217806596163
IRIDIUM 33,24946,PAYLOAD,2009-02-01 19:56:27.996576+00:00,14.34218038,0.0002216,86.3988,125.0229,85.6935,274.4512,1 24946U 97051C   09032.83087959 +.00000179 +00000-0 +56848-4 0  9992,2 24946 086.3988 125.0229 0002216 085.6935 274.4512 14.34218038596196
COSMOS 2251,22675,PAYLOAD,2009-02-01 22:46:21.776160+00:00,14.31135348,0.001619,74.0349,33.2152,114.9897,245.2939,1 22675U 93036A   09032.94886315 -.00000017 +00000-0 +33523-5 0  9991,2 22675 074.0349 033.2152 0016190 114.9897 245.2939 14.31135348816331
COSMOS 2251,22675,PAYLOAD,2009-02-02 08:50:19.285728+00:00,14.31135324,0.0016175,74.0352,32.4513,114.0355,246.2485,1 22675U 93036A   09033.36827877 -.00000019  00000-0  26024-5 0  9996,2 22675 074.0352 032.4513 0016175 114.0355 246.2485 14.31135324816397
IRIDIUM 33,24946,PAYLOAD,2009-02-02 09:20:11.988096+00:00,14.34218002,0.0002222,86.3987,124.79,86.913,273.232,1 24946U 97051C   09033.38902764  .00000136  00000-0  41377-4 0  9997,2 24946 086.3987 124.7900 0002222 086.9130 273.2320 14.34218002596279
IRIDIUM 33,24946,PAYLOAD,2009-02-02 19:22:59.960351+00:00,14.34218199,0.0002245,86.3989,124.6153,87.3759,272.7692,1 24946U 97051C   09033.80763843 +.00000154 +00000-0 +47901-4 0  9996,2 24946 086.3989 124.6153 0002245 087.3759 272.7692 14.34218199596337
COSMOS 2251,22675,PAYLOAD,2009-02-02 22:15:35.976672+00:00,14.31135396,0.0016163,74.0351,31.433,112.8412,247.4451,1 22675U 93036A   09033.92749973 -.00000014 +00000-0 +44203-5 0  9992,2 22675 074.0351 031.4330 0016163 112.8412 247.4451 14.31135396816473
COSMOS 2251,22675,PAYLOAD,2009-02-03 10:00:13.075199+00:00,14.31135419,0.0016163,74.0355,30.5418,111.7803,248.5074,1 22675U 93036A   09034.41681800 -.00000015  00000-0  40408-5 0  9995,2 22675 074.0355 030.5418 0016163 111.7803 248.5074 14.31135419816543
COSMOS 2251,22675,PAYLOAD,2009-02-03 11:40:52.652063+00:00,14.31135407,0.0016159,74.0355,30.4145,111.6249,248.6623,1 22675U 93036A   09034.48672051 -.00000016 +00000-0 +36261-5 0  9993,2 22675 074.0355 030.4145 0016159 111.6249 248.6623 14.31135407816556
IRIDIUM 33,24946,PAYLOAD,2009-02-03 15:28:35.911776+00:00,14.34218571,0.0002237,86.3988,124.2659,84.902,275.2431,1 24946U 97051C   09034.64486009  .00000180  00000-0  57253-4 0  9995,2 24946 086.3988 124.2659 0002237 084.9020 275.2431 14.34218571596454
IRIDIUM 33,24946,PAYLOAD,2009-02-03 18:49:31.897344+00:00,14.34218576,0.0002242,86.3988,124.2076,85.3366,274.8083,1 24946U 97051C   09034.78439696 +.00000170 +00000-0 +53802-4 0  9995,2 24946 086.3988 124.2076 0002242 085.3366 274.8083 14.34218576596476
IRIDIUM 33,24946,PAYLOAD,2009-02-04 08:13:15.863807+00:00,14.34218729,0.0002241,86.3988,123.9745,84.2897,275.8554,1 24946U 97051C   09035.34254472  .00000165  00000-0  51858-4 0  9998,2 24946 086.3988 123.9745 0002241 084.2897 275.8554 14.34218729596554
COSMOS 2251,22675,PAYLOAD,2009-02-04 11:10:06.843072+00:00,14.31135332,0.0016135,74.0354,28.6319,109.5197,250.7693,1 22675U 93036A   09035.46535698 -.00000026  00000-0 -26115-6 0  9997,2 22675 074.0354 028.6319 0016135 109.5197 250.7693 14.31135332816692
IRIDIUM 33,24946,PAYLOAD,2009-02-04 19:56:31.829279+00:00,14.34218851,0.0002241,86.3988,123.7705,82.7573,277.3877,1 24946U 97051C   09035.83092395 +.00000160 +00000-0 +50019-4 0  9999,2 24946 086.3988 123.7705 0002241 082.7573 277.3877 14.34218851596621
COSMOS 2251,22675,PAYLOAD,2009-02-04 22:54:43.947647+00:00,14.31135355,0.0016118,74.0355,27.7407,108.6256,251.6657,1 22675U 93036A   09035.95467532 -.00000028 +00000-0 -80821-6 0  9998,2 22675 074.0355 027.7407 0016118 108.6256 251.6657 14.31135355816761
IRIDIUM 33,24946,PAYLOAD,2009-02-05 09:20:15.809568+00:00,14.34218534,0.0002252,86.3989,123.5375,84.6873,275.4579,1 24946U 97051C   09036.38907187  .00000063  00000-0  15487-4 0  9996,2 24946 086.3989 123.5375 0002252 084.6873 275.4579 14.34218534596704
IRIDIUM 33,24946,PAYLOAD,2009-02-05 21:03:31.762079+00:00,14.34218813,0.0002283,86.399,123.3335,84.9743,275.1715,1 24946U 97051C   09036.87745095 +.00000111 +00000-0 +32631-4 0  9992,2 24946 086.3990 123.3335 0002283 084.9743 275.1715 14.34218813596779
COSMOS 2251,22675,PAYLOAD,2009-02-05 22:23:58.167167+00:00,14.31135117,0.0016099,74.0354,25.9581,106.4347,253.8581,1 22675U 93036A   09036.93331212 -.00000047  00000-0 -81496-5 0  9991,2 22675 074.0354 025.9581 0016099 106.4347 253.8581 14.31135117816900
IRIDIUM 33,24946,PAYLOAD,2009-02-06 18:49:35.657472+00:00,14.34218976,0.0002265,86.3993,122.9552,85.4641,274.6808,1 24946U 97051C   09037.78444048  .00000106  00000-0  30852-4 0  9994,2 24946 086.3993 122.9552 0002265 085.4641 274.6808 14.34218976596903
COSMOS 2251,22675,PAYLOAD,2009-02-06 21:53:12.354719+00:00,14.31135215,0.0016095,74.0355,24.1758,104.446,255.8485,1 22675U 93036A   09037.91194855 -.00000031 +00000-0 -21372-5 0  9990,2 22675 074.0355 024.1758 0016095 104.4460 255.8485 14.31135215817048
COSMOS 2251,22675,PAYLOAD,2009-02-07 02:55:11.096543+00:00,14.31135293,0.0016083,74.0359,23.7939,103.9527,256.3415,1 22675U 93036A   09038.12165621 -.00000023  00000-0  11594-5 0  9998,2 22675 074.0359 023.7939 0016083 103.9527 256.3415 14.31135293817071
IRIDIUM 33,24946,PAYLOAD,2009-02-07 11:34:15.594815+00:00,14.34219027,0.0002219,86.3996,122.6644,83.8995,276.2452,1 24946U 97051C   09038.48212494  .00000086  00000-0  23804-4 0  9996,2 24946 086.3996 122.6644 0002219 083.8995 276.2452 14.34219027597001
COSMOS 2251,22675,PAYLOAD,2009-02-07 21:22:26.515488+00:00,14.31135381,0.0016068,74.0354,22.3935,102.2399,258.0553,1 22675U 93036A   09038.89058467 -.00000013 +00000-0 +49305-5 0  9991,2 22675 074.0354 022.3935 0016068 102.2399 258.0553 14.31135381817181
IRIDIUM 33,24946,PAYLOAD,2009-02-07 21:37:03.541151+00:00,14.34219243,0.0002249,86.3996,122.4895,84.4993,275.6459,1 24946U 97051C   09038.90073543 +.00000118 +00000-0 +35131-4 0  9995,2 24946 086.3996 122.4895 0002249 084.4993 275.6459 14.34219243597061
COSMOS 2251,22675,PAYLOAD,2009-02-08 10:47:43.175327+00:00,14.31135575,0.0016046,74.0357,21.3748,100.9148,259.3817,1 22675U 93036A   09039.44980527  .00000001  00000-0  10202-4 0  9993,2 22675 074.0357 021.3748 0016046 100.9148 259.3817 14.31135575817269
COSMOS 2251,22675,PAYLOAD,2009-02-08 12:28:22.744415+00:00,14.31135543,0.0016045,74.0356,21.2473,100.8058,259.4899,1 22675U 93036A   09039.51970769 -.00000003 +00000-0 +87983-5 0  9992,2 22675 074.0356 021.2473 0016045 100.8058 259.4899 14.31135543817277
IRIDIUM 33,24946,PAYLOAD,2009-02-08 16:02:11.432831+00:00,14.34219784,0.0002268,86.3996,122.1691,85.1934,274.9529,1 24946U 97051C   09039.66818788  .00000197  00000-0  63273-4 0  9992,2 24946 086.3996 122.1691 0002268 085.1934 274.9529 14.34219784597178
IRIDIUM 33,24946,PAYLOAD,2009-02-08 19:23:07.409759+00:00,14.3421966,0.0002264,86.3996,122.1108,85.3765,274.7689,1 24946U 97051C   09039.80772465 +.00000161 +00000-0 +50503-4 0  9992,2 24946 086.3996 122.1108 0002264 085.3765 274.7689 14.34219660597191
IRIDIUM 33,24946,PAYLOAD,2009-02-09 08:46:51.345120+00:00,14.34219614,0.0002273,86.3996,121.8779,85.9342,274.2112,1 24946U 97051C   09040.36587205  .00000121  00000-0  36194-4 0  9997,2 24946 086.3996 121.8779 0002273 085.9342 274.2112 14.34219614597272
COSMOS 2251,22675,PAYLOAD,2009-02-09 11:57:36.890496+00:00,14.31135643,0.0016027,74.0355,19.4646,98.7014,261.5952,1 22675U 93036A   09040.49834364 -.00000001  00000-0  95251-5 0  9996,2 22675 074.0355 019.4646 0016027 098.7014 261.5952 14.31135643817415
IRIDIUM 33,24946,PAYLOAD,2009-02-09 18:49:39.281951+00:00,14.34219863,0.0002288,86.3994,121.7028,85.1644,274.9812,1 24946U 97051C   09040.78448243 +.00000153 +00000-0 +47668-4 0  9994,2 24946 086.3994 121.7028 0002288 085.1644 274.9812 14.34219863597336
COSMOS 2251,22675,PAYLOAD,2009-02-10 18:09:29.389824+00:00,14.31135598,0.0016015,74.0357,17.1729,95.9865,264.3113,1 22675U 93036A   09041.75659016 -.00000010  00000-0  60222-5 0  9995,2 22675 074.0357 017.1729 0016015 095.9865 264.3113 14.31135598817592
IRIDIUM 33,24946,PAYLOAD,2009-02-10 18:16:11.094527+00:00,14.34220263,0.0002253,86.3989,121.296,89.6115,270.5342,1 24946U 97051C   09041.76123952  .00000148  00000-0  45664-4 0  9998,2 24946 086.3989 121.2960 0002253 089.6115 270.5342 14.34220263597475
